{
  "0A9B4653-B11E-4D6A-850E-C6FCB621626C" : {
    "cameraTransform" : [
      0.98073142766952515,
      -1.9820145524818145e-10,
      -0.19536100327968597,
      0,
      -0.10051192343235016,
      0.85749435424804688,
      -0.50457978248596191,
      0,
      0.16752095520496368,
      0.51449334621429443,
      0.84097164869308472,
      0,
      0.090841911733150482,
      0.058492958545684814,
      0.13903293013572693,
      1
    ],
    "objectMetadataList" : [
      [
        "0A9B4653-B11E-4D6A-850E-C6FCB621626C",
        "Root"
      ],
      {
        "isExpanded" : true,
        "isLocked" : false
      },
      [
        "0A9B4653-B11E-4D6A-850E-C6FCB621626C",
        "Root",
        "GridMaterial"
      ],
      {
        "isExpanded" : true,
        "isLocked" : false
      },
      [
        "0A9B4653-B11E-4D6A-850E-C6FCB621626C",
        "Root",
        "Sphere"
      ],
      {
        "isExpanded" : true,
        "isLocked" : false
      }
    ]
  },
  "0AE1C234-FFFA-44CB-83CE-AC6209EB2356" : {
    "cameraTransform" : [
      1,
      0,
      0,
      0,
      0,
      0.86602538824081421,
      -0.5,
      0,
      0,
      0.5,
      0.86602538824081421,
      0,
      0,
      0.27982941269874573,
      0.48467877507209778,
      1
    ],
    "objectMetadataList" : [

    ]
  },
  "01A389CE-549D-43D4-8082-422095AD9977" : {
    "cameraTransform" : [
      0.99999994039535522,
      0,
      0,
      0,
      0,
      0.86602550745010376,
      -0.49999988079071045,
      0,
      0,
      0.49999988079071045,
      0.86602550745010376,
      0,
      0,
      0.27093541622161865,
      0.46927398443222046,
      1
    ],
    "objectMetadataList" : [
      [
        "01A389CE-549D-43D4-8082-422095AD9977",
        "Root"
      ],
      {
        "isExpanded" : true,
        "isLocked" : false
      },
      [
        "01A389CE-549D-43D4-8082-422095AD9977",
        "Root",
        "GridMaterial"
      ],
      {
        "isExpanded" : true,
        "isLocked" : false
      }
    ]
  },
  "1CBF3893-ABFD-408C-8B91-045BFD257808" : {
    "cameraTransform" : [
      0.99999994039535522,
      0,
      0,
      0,
      0,
      0.86602550745010376,
      -0.49999988079071045,
      0,
      0,
      0.49999988079071045,
      0.86602550745010376,
      0,
      0,
      0.27093541622161865,
      0.46927398443222046,
      1
    ],
    "objectMetadataList" : [

    ]
  },
  "03E02005-EFA6-48D6-8A76-05B2822A74E9" : {
    "cameraTransform" : [
      0.99999994039535522,
      0,
      0,
      0,
      0,
      0.86602538824081421,
      -0.49999994039535522,
      0,
      0,
      0.49999994039535522,
      0.86602538824081421,
      0,
      0,
      0.59819567203521729,
      1.0361053943634033,
      1
    ],
    "objectMetadataList" : [
      [
        "03E02005-EFA6-48D6-8A76-05B2822A74E9",
        "Root",
        "Capsule"
      ],
      {
        "isExpanded" : true,
        "isLocked" : false
      },
      [
        "03E02005-EFA6-48D6-8A76-05B2822A74E9",
        "Root"
      ],
      {
        "isExpanded" : true,
        "isLocked" : false
      }
    ]
  },
  "5C4434F7-1336-43EB-A76F-7E4336E6665B" : {
    "cameraTransform" : [
      1,
      0,
      0,
      0,
      0,
      0.86602538824081421,
      -0.5,
      0,
      0,
      0.5,
      0.86602538824081421,
      0,
      0,
      0.27093476057052612,
      0.46927279233932495,
      1
    ],
    "objectMetadataList" : [
      [
        "5C4434F7-1336-43EB-A76F-7E4336E6665B",
        "Root",
        "Cylinder"
      ],
      {
        "isExpanded" : true,
        "isLocked" : false
      },
      [
        "5C4434F7-1336-43EB-A76F-7E4336E6665B",
        "Root"
      ],
      {
        "isExpanded" : true,
        "isLocked" : false
      }
    ]
  },
  "7EF42796-68EE-4330-954D-0853FBBEB57C" : {
    "cameraTransform" : [
      0.99999994039535522,
      0,
      0,
      0,
      0,
      0.86602550745010376,
      -0.49999988079071045,
      0,
      0,
      0.49999988079071045,
      0.86602550745010376,
      0,
      0,
      0.27093541622161865,
      0.46927398443222046,
      1
    ],
    "objectMetadataList" : [
      [
        "7EF42796-68EE-4330-954D-0853FBBEB57C",
        "Root"
      ],
      {
        "isExpanded" : true,
        "isLocked" : false
      }
    ]
  },
  "9D076246-5198-4703-9F31-6CD97F6B09BE" : {
    "cameraTransform" : [
      1,
      0,
      0,
      0,
      0,
      0.86602538824081421,
      -0.5,
      0,
      0,
      0.5,
      0.86602538824081421,
      0,
      0,
      0.27093476057052612,
      0.46927279233932495,
      1
    ],
    "objectMetadataList" : [

    ]
  },
  "26DBAE76-5DD8-47B6-A085-1B4ADA111097" : {
    "cameraTransform" : [
      -0.9929395318031311,
      -4.6088391059129208e-07,
      0.11862190812826157,
      0,
      0.10603685677051544,
      0.44825068116188049,
      0.88759654760360718,
      0,
      -0.053172752261161804,
      0.89390790462493896,
      -0.44508573412895203,
      0,
      -0.019776249304413795,
      0.33898428082466125,
      -0.16885510087013245,
      1
    ],
    "objectMetadataList" : [
      [
        "26DBAE76-5DD8-47B6-A085-1B4ADA111097",
        "Root"
      ],
      {
        "isExpanded" : true,
        "isLocked" : false
      }
    ]
  },
  "34C460AE-CA1B-4348-BD05-621ACBDFFE97" : {
    "cameraTransform" : [
      0.99999994039535522,
      0,
      0,
      0,
      0,
      0.86602550745010376,
      -0.49999988079071045,
      0,
      0,
      0.49999988079071045,
      0.86602550745010376,
      0,
      0,
      0.27093541622161865,
      0.46927398443222046,
      1
    ],
    "objectMetadataList" : [

    ]
  },
  "49E3FD99-1130-469E-A964-F8E1382E0CBA" : {
    "cameraTransform" : [
      -0.0065439906902611256,
      3.7152711462873356e-12,
      -0.99997860193252563,
      0,
      -0.3756541907787323,
      0.92675668001174927,
      0.0024583304766565561,
      0,
      0.92673683166503906,
      0.37566223740577698,
      -0.0060646873898804188,
      0,
      0.61096692085266113,
      0.62039053440093994,
      -0.02263442799448967,
      1
    ],
    "objectMetadataList" : [
      [
        "49E3FD99-1130-469E-A964-F8E1382E0CBA",
        "Cardboard_Boxes"
      ],
      {
        "isExpanded" : true,
        "isLocked" : false
      },
      [
        "49E3FD99-1130-469E-A964-F8E1382E0CBA",
        "Cardboard_Boxes",
        "_materials"
      ],
      {
        "isExpanded" : true,
        "isLocked" : false
      }
    ]
  },
  "68C4DB95-E17A-44F6-AAF9-74FB00B9D777" : {
    "cameraTransform" : [
      1,
      0,
      0,
      0,
      0,
      0.86602532863616943,
      -0.50000011920928955,
      0,
      0,
      0.50000011920928955,
      0.86602532863616943,
      0,
      0,
      0.42897686362266541,
      0.74300980567932129,
      1
    ],
    "objectMetadataList" : [

    ]
  },
  "440DE5B4-E4E4-459B-AABF-9ACE96319272" : {
    "cameraTransform" : [
      0.99999994039535522,
      0,
      0,
      0,
      0,
      0.86602538824081421,
      -0.49999994039535522,
      0,
      0,
      0.49999994039535522,
      0.86602538824081421,
      0,
      0,
      0.59819567203521729,
      1.0361053943634033,
      1
    ],
    "objectMetadataList" : [
      [
        "440DE5B4-E4E4-459B-AABF-9ACE96319272",
        "Root"
      ],
      {
        "isExpanded" : true,
        "isLocked" : false
      }
    ]
  },
  "582AD255-E2AD-4614-A29F-9026D83E3249" : {
    "cameraTransform" : [
      1,
      0,
      0,
      0,
      0,
      0.86602538824081421,
      -0.5,
      0,
      0,
      0.5,
      0.86602538824081421,
      0,
      0.0077747106552124023,
      0.40694320201873779,
      0.39074832201004028,
      1
    ],
    "objectMetadataList" : [
      [
        "582AD255-E2AD-4614-A29F-9026D83E3249",
        "Root",
        "Cube"
      ],
      {
        "isExpanded" : true,